node	Name	Cat	Trials
DB00421	Spironolactone	NOT	0
DB00158	Folic Acid	NOT	0
DB00230	Pregabalin	DM	0
DB00661	Verapamil	NULL	3
DB01183	Naloxone	NULL	1
DB06218	Lacosamide	DM	34
DB06710	Methyltestosterone	NULL	1
DB00586	Diclofenac	NULL	1
DB01032	Probenecid	NULL	1
DB00949	Felbamate	DM	0
DB00795	Sulfasalazine	NOT	0
DB01068	Clonazepam	DM	5
DB00683	Midazolam	DM	3
DB06201	Rufinamide	DM	0
DB01043	Memantine	NULL	2
DB01080	Vigabatrin	DM	6
DB04953	Ezogabine	NULL	9
DB01320	Fosphenytoin	DM	4
DB00126	Vitamin C	NULL	1
DB00620	Triamcinolone	NOT	0
DB00349	Clobazam	DM	8
DB00292	Etomidate	NOT	0
DB00818	Propofol	DM	2
DB00877	Sirolimus	NULL	2
DB00860	Prednisolone	NULL	4
DB00268	Ropinirole	NULL	1
DB00996	Gabapentin	DM	7
DB00819	Acetazolamide	DM	0
DB01221	Ketamine	NULL	2
DB00959	Methylprednisolone	NULL	4
DB01356	Lithium	NULL	1
DB00165	Pyridoxine	NULL	2
DB00776	Oxcarbazepine	DM	16
DB00714	Apomorphine	NULL	1
DB00624	Testosterone	NULL	1
DB01104	Sertraline	NULL	4
DB01351	Amobarbital	DM	0
DB00186	Lorazepam	NULL	11
DB00490	Buspirone	NOT	1
DB00906	Tiagabine	NOT	1
DB00215	Citalopram	NULL	2
DB00887	Bumetanide	NULL	2
DB00396	Progesterone	NULL	1
DB00312	Pentobarbital	NULL	1
DB01041	Thalidomide	NULL	1
DB01174	Phenobarbital	DM	7
DB00404	Alprazolam	NULL	1
DB00593	Ethosuximide	NULL	1
DB01346	Quinidine barbiturate	NOT	0
DB01065	Melatonin	NULL	2
DB00794	Primidone	DM	0
DB00472	Fluoxetine	NULL	1
DB00273	Topiramate	DM	35
DB01577	Methamphetamine	NULL	1
DB00633	Dexmedetomidine	NULL	1
DB00252	Phenytoin	DM	12
DB00909	Zonisamide	DM	14
DB00422	Methylphenidate	NULL	2
DB01050	Ibuprofen	NULL	1
DB00367	Levonorgestrel	NULL	1
DB01216	Finasteride	NOT	0
DB00313	Valproic Acid	DM	21
DB01202	Levetiracetam	DM	81
DB00163	Vitamin E	NULL	1
DB00564	Carbamazepine	DM	31
DB00555	Lamotrigine	DM	26
DB01217	Anastrozole	NULL	1
DB00829	Diazepam	DM	6
DB01136	Carvedilol	NULL	1
DB00599	Thiopental	NULL	1
DB00147	Pyridoxal	NULL	2
DB00350	Minoxidil	NOT	0
DB00347	Trimethadione	DM	0
DB00518	Albendazole	NULL	1
DB01148	Flavoxate	NULL	0.0
DB01359	Penbutolol	NULL	0.0
DB00246	Ziprasidone	NULL	0.0
DB04878	Voglibose	NULL	0.0
DB06589	Pazopanib	NULL	0.0
DB00133	L-Serine	NULL	0.0
DB00972	Azelastine	NULL	0.0
DB00322	Floxuridine	NULL	0.0
DB00833	Cefaclor	NULL	0.0
DB00748	Carbinoxamine	NULL	0.0
DB00318	Codeine	NULL	0.0
DB00666	Nafarelin	NULL	0.0
DB00732	Atracurium	NULL	0.0
DB06151	Acetylcysteine	NULL	0.0
DB08991	Epirizole	NULL	0.0
DB00218	Moxifloxacin	NULL	0.0
DB00208	Ticlopidine	NULL	0.0
DB06725	Lornoxicam	NULL	0.0
DB01105	Sibutramine	NULL	0.0
DB01078	Deslanoside	NULL	0.0
DB00264	Metoprolol	NULL	0.0
DB01115	Nifedipine	NULL	0.0
DB00304	Desogestrel	NULL	0.0
DB00302	Tranexamic Acid	NULL	0.0
DB00432	Trifluridine	NULL	0.0
DB00360	Tetrahydrobiopterin	NULL	0.0
DB01553	Cloxazolam	NULL	0.0
DB00341	Cetirizine	NULL	0.0
DB01158	Bretylium	NULL	0.0
DB01414	Cefacetrile	NULL	0.0
DB01611	Hydroxychloroquine	NULL	0.0
DB00960	Pindolol	NULL	0.0
DB08965	Fusafungine	NULL	0.0
DB01203	Nadolol	NULL	0.0
DB00849	Methylphenobarbital	NULL	0.0
DB06827	Viomycin	NULL	0.0
DB01132	Pioglitazone	NULL	0.0
DB01173	Orphenadrine	NULL	0.0
DB00479	Amikacin	NULL	0.0
DB00050	Cetrorelix	NULL	0.0
DB00426	Famciclovir	NULL	0.0
DB00385	Valrubicin	NULL	0.0
DB01114	Chlorphenamine	NULL	0.0
DB06707	Levonordefrin	NULL	0.0
DB04930	Permethrin	NULL	0.0
DB08847	Hydroxyproline	NULL	0.0
DB00345	Aminohippurate	NULL	0.0
DB04942	Tamibarotene	NULL	0.0
DB01164	Calcium Chloride	NULL	0.0
DB00802	Alfentanil	NULL	0.0
DB00651	Dyphylline	NULL	0.0
DB00852	Pseudoephedrine	NULL	0.0
DB04575	Quinestrol	NULL	0.0
DB00621	Oxandrolone	NULL	0.0
DB00198	Oseltamivir	NULL	0.0
DB00653	Magnesium Sulfate	NULL	0.0
DB01064	Isoprenaline	NULL	0.0
DB00266	Dicoumarol	NULL	0.0
DB00201	Caffeine	NULL	0.0
DB00335	Atenolol	NULL	0.0
DB00173	Adenine	NULL	0.0
DB00964	Apraclonidine	NULL	0.0
DB00993	Azathioprine	NULL	0.0
DB00492	Fosinopril	NULL	0.0
DB01070	Dihydrotachysterol	NULL	0.0
DB00803	Colistin	NULL	0.0
DB00546	Adinazolam	NULL	0.0
DB00648	Mitotane	NULL	0.0
DB00284	Acarbose	NULL	0.0
DB00446	Chloramphenicol	NULL	0.0
DB09000	Cyamemazine	NULL	0.0
DB00590	Doxazosin	NULL	0.0
DB00892	Oxybuprocaine	NULL	0.0
DB06810	Plicamycin	NULL	0.0
DB05246	Methsuximide	NULL	0.0
DB01029	Irbesartan	NULL	0.0
DB00755	Tretinoin	NULL	0.0
DB08792	Diloxanide	NULL	0.0
DB04711	Iodipamide	NULL	0.0
DB00405	Dexbrompheniramine	NULL	0.0
DB00923	Ceforanide	NULL	0.0
DB01165	Ofloxacin	NULL	0.0
DB01377	Magnesium oxide	NULL	0.0
DB00682	Warfarin	NULL	0.0
DB00594	Amiloride	NULL	0.0
DB00549	Zafirlukast	NULL	0.0
DB00430	Cefpiramide	NULL	0.0
DB00652	Pentazocine	NULL	0.0
DB01144	Diclofenamide	NULL	0.0
DB06414	Etravirine	NULL	0.0
DB00130	L-Glutamine	NULL	0.0
DB00967	Desloratadine	NULL	0.0
DB01342	Forasartan	NULL	0.0
DB00543	Amoxapine	NULL	0.0
DB00962	Zaleplon	NULL	0.0
DB01375	Dihydroxyaluminium	NULL	0.0
DB01578	Metrizamide	NULL	0.0
DB01124	Tolbutamide	NULL	0.0
DB01018	Guanfacine	NULL	0.0
DB00154	Dihomo-gamma-linolenic acid	NULL	0.0
DB01066	Cefditoren	NULL	0.0
DB01594	Cinolazepam	NULL	0.0
DB01435	Antipyrine	NULL	0.0
DB01146	Diphenylpyraline	NULL	0.0
DB00841	Dobutamine	NULL	0.0
DB01357	Mestranol	NULL	0.0
DB01440	Gamma Hydroxybutyric Acid	NULL	0.0
DB00359	Sulfadiazine	NULL	0.0
DB01139	Cefapirin	NULL	0.0
DB00951	Isoniazid	NULL	0.0
DB00260	Cycloserine	NULL	0.0
DB01382	Glycodiazine	NULL	0.0
DB01433	Methadyl Acetate	NULL	0.0
DB00324	Fluorometholone	NULL	0.0
DB06817	Raltegravir	NULL	0.0
DB00853	Temozolomide	NULL	0.0
DB06717	Fosaprepitant	NULL	0.0
DB00733	Pralidoxime	NULL	0.0
DB01231	Diphenidol	NULL	0.0
DB00151	L-Cysteine	NULL	0.0
DB01394	Colchicine	NULL	0.0
DB01076	Atorvastatin	NULL	0.0
DB00464	Sodium Tetradecyl Sulfate	NULL	0.0
DB00148	Creatine	NULL	0.0
DB06237	Avanafil	NULL	0.0
DB00614	Furazolidone	NULL	0.0
DB08918	Levomilnacipran	NULL	0.0
DB08877	Ruxolitinib	NULL	0.0
DB08815	Lurasidone	NULL	0.0
DB00455	Loratadine	NULL	0.0
DB07402	Azapropazone	NULL	0.0
DB00881	Quinapril	NULL	0.0
DB00713	Oxacillin	NULL	0.0
DB01238	Aripiprazole	NULL	0.0
DB00300	Tenofovir	NULL	0.0
DB00228	Enflurane	NULL	0.0
DB08910	Pomalidomide	NULL	0.0
DB00781	Polymyxin B Sulfate	NULL	0.0
DB01579	Phendimetrazine	NULL	0.0
DB00204	Dofetilide	NULL	0.0
DB00303	Ertapenem	NULL	0.0
DB00774	Hydroflumethiazide	NULL	0.0
DB00498	Phenindione	NULL	0.0
DB00493	Cefotaxime	NULL	0.0
DB01267	Paliperidone	NULL	0.0
DB01395	Drospirenone	NULL	0.0
DB00537	Ciprofloxacin	NULL	0.0
DB01384	Paramethasone	NULL	0.0
DB00554	Piroxicam	NULL	0.0
DB00826	Natamycin	NULL	0.0
DB00846	Flurandrenolide	NULL	0.0
DB00699	Nicergoline	NULL	0.0
DB00433	Prochlorperazine	NULL	0.0
DB00530	Erlotinib	NULL	0.0
DB00824	Enprofylline	NULL	0.0
DB08974	Flubendazole	NULL	0.0
DB00305	Mitomycin	NULL	0.0
DB01369	Quinupristin	NULL	0.0
DB01063	Acetophenazine	NULL	0.0
DB00287	Travoprost	NULL	0.0
DB00799	Tazarotene	NULL	0.0
DB01229	Paclitaxel	NULL	0.0
DB00531	Cyclophosphamide	NULL	0.0
DB00441	Gemcitabine	NULL	0.0
DB06730	Gestodene	NULL	0.0
DB00726	Trimipramine	NULL	0.0
DB00742	Mannitol	NULL	0.0
DB00527	Cinchocaine	NULL	0.0
DB04855	Dronedarone	NULL	0.0
DB01329	Cefoperazone	NULL	0.0
DB08924	Amfecloral	NULL	0.0
DB01197	Captopril	NULL	0.0
DB00641	Simvastatin	NULL	0.0
DB01241	Gemfibrozil	NULL	0.0
DB08912	Dabrafenib	NULL	0.0
DB03255	Phenol	NULL	0.0
DB08984	Etofenamate	NULL	0.0
DB00366	Doxylamine	NULL	0.0
DB01141	Micafungin	NULL	0.0
DB06712	Nilvadipine	NULL	0.0
DB00402	Eszopiclone	NULL	0.0
DB00793	Haloprogin	NULL	0.0
DB08887	Icosapent ethyl	NULL	0.0
DB01587	Ketazolam	NULL	0.0
DB00296	Ropivacaine	NULL	0.0
DB01426	Ajmaline	NULL	0.0
DB00868	Benzonatate	NULL	0.0
DB08957	Hexoprenaline	NULL	0.0
DB01193	Acebutolol	NULL	0.0
DB06803	Niclosamide	NULL	0.0
DB01001	Salbutamol	NULL	0.0
DB01142	Doxepin	NULL	0.0
DB08932	MACITENTAN	NULL	0.0
DB00321	Amitriptyline	NULL	0.0
DB01046	Lubiprostone	NULL	0.0
DB00232	Methyclothiazide	NULL	0.0
DB01040	Hydroxystilbamidine Isethionate	NULL	0.0
DB00645	Dyclonine	NULL	0.0
DB01403	Methotrimeprazine	NULL	0.0
DB00409	Remoxipride	NULL	0.0
DB00659	Acamprosate	NULL	0.0
DB00942	Cycrimine	NULL	0.0
DB00380	Dexrazoxane	NULL	0.0
DB08933	LULICONAZOLE	NULL	0.0
DB00516	Bentoquatam	NULL	0.0
DB00940	Methantheline	NULL	0.0
DB01591	Solifenacin	NULL	0.0
DB01331	Cefoxitin	NULL	0.0
DB00315	Zolmitriptan	NULL	0.0
DB01437	Glutethimide	NULL	0.0
DB00384	Triamterene	NULL	0.0
DB00190	Carbidopa	NULL	0.0
DB05812	Abiraterone	NULL	0.0
DB00473	Hexylcaine	NULL	0.0
DB00660	Metaxalone	NULL	0.0
DB00741	Hydrocortisone	NULL	0.0
DB00091	Cyclosporine	NULL	0.0
DB00476	Duloxetine	NULL	0.0
DB06268	Sitaxentan	NULL	0.0
DB01355	Hexobarbital	NULL	0.0
DB00630	Alendronate	NULL	0.0
DB00451	Levothyroxine	NULL	0.0
DB08930	Dolutegravir	NULL	0.0
DB00656	Trazodone	NULL	0.0
DB00830	Phenmetrazine	NULL	0.0
DB00711	Diethylcarbamazine	NULL	0.0
DB00420	Promazine	NULL	0.0
DB01588	Prazepam	NULL	0.0
DB00904	Ondansetron	NULL	0.0
DB08865	Crizotinib	NULL	0.0
DB04948	Lofexidine	NULL	0.0
DB06813	Pralatrexate	NULL	0.0
DB04835	Maraviroc	NULL	0.0
DB01189	Desflurane	NULL	0.0
DB00843	Donepezil	NULL	0.0
DB08905	Formestane	NULL	0.0
DB00373	Timolol	NULL	0.0
DB00450	Droperidol	NULL	0.0
DB00770	Alprostadil	NULL	0.0
DB01224	Quetiapine	NULL	0.0
DB01240	Epoprostenol	NULL	0.0
DB06715	Potassium Iodide	NULL	0.0
DB00560	Tigecycline	NULL	0.0
DB00123	L-Lysine	NULL	0.0
DB01127	Econazole	NULL	0.0
DB01261	Sitagliptin	NULL	0.0
DB00445	Epirubicin	NULL	0.0
DB01182	Propafenone	NULL	0.0
DB00368	Norepinephrine	NULL	0.0
DB00458	Imipramine	NULL	0.0
DB00632	Docosanol	NULL	0.0
DB00936	Salicylic acid	NULL	0.0
DB00326	Calcium Gluceptate	NULL	0.0
DB01392	Yohimbine	NULL	0.0
DB00155	L-Citrulline	NULL	0.0
DB00567	Cephalexin	NULL	0.0
DB00358	Mefloquine	NULL	0.0
DB08916	Afatinib	NULL	0.0
DB01198	Zopiclone	NULL	0.0
DB00684	Tobramycin	NULL	0.0
DB00509	Dextrothyroxine	NULL	0.0
DB01223	Aminophylline	NULL	0.0
DB01361	Troleandomycin	NULL	0.0
DB08604	Triclosan	NULL	0.0
DB00407	Ardeparin	NULL	0.0
DB00551	Acetohydroxamic Acid	NULL	0.0
DB08807	Bopindolol	NULL	0.0
DB00538	Gadoversetamide	NULL	0.0
DB01093	Dimethyl sulfoxide	NULL	0.0
DB00680	Moricizine	NULL	0.0
DB00768	Olopatadine	NULL	0.0
DB01268	Sunitinib	NULL	0.0
DB00782	Propantheline	NULL	0.0
DB09020	Bisacodyl	NULL	0.0
DB01274	Arformoterol	NULL	0.0
DB00882	Clomifene	NULL	0.0
DB00191	Phentermine	NULL	0.0
DB01393	Bezafibrate	NULL	0.0
DB08946	Iopanoic acid	NULL	0.0
DB08808	Bupranolol	NULL	0.0
DB00240	Alclometasone	NULL	0.0
DB01251	Gliquidone	NULL	0.0
DB00226	Guanadrel	NULL	0.0
DB01051	Novobiocin	NULL	0.0
DB01175	Escitalopram	NULL	0.0
DB01013	Clobetasol propionate	NULL	0.0
DB01048	Abacavir	NULL	0.0
DB00328	Indomethacin	NULL	0.0
DB00922	Levosimendan	NULL	0.0
DB00471	Montelukast	NULL	0.0
DB00783	Estradiol	NULL	0.0
DB01143	Amifostine	NULL	0.0
DB01196	Estramustine	NULL	0.0
DB01199	Tubocurarine	NULL	0.0
DB01017	Minocycline	NULL	0.0
DB01614	Acepromazine	NULL	0.0
DB00390	Digoxin	NULL	0.0
DB06287	Temsirolimus	NULL	0.0
DB00756	Hexachlorophene	NULL	0.0
DB00467	Enoxacin	NULL	0.0
DB00903	Ethacrynic acid	NULL	0.0
DB00771	Clidinium	NULL	0.0
DB01178	Chlormezanone	NULL	0.0
DB00238	Nevirapine	NULL	0.0
DB00634	Sulfacetamide	NULL	0.0
DB00927	Famotidine	NULL	0.0
DB00443	Betamethasone	NULL	0.0
DB00355	Aztreonam	NULL	0.0
DB01009	Ketoprofen	NULL	0.0
DB01222	Budesonide	NULL	0.0
DB01044	Gatifloxacin	NULL	0.0
DB04920	Clevidipine	NULL	0.0
DB00369	Cidofovir	NULL	0.0
DB01262	Decitabine	NULL	0.0
DB00672	Chlorpropamide	NULL	0.0
DB00596	Halobetasol Propionate	NULL	0.0
DB01169	Arsenic trioxide	NULL	0.0
DB00434	Cyproheptadine	NULL	0.0
DB01248	Docetaxel	NULL	0.0
DB01140	Cefadroxil	NULL	0.0
DB01006	Letrozole	NULL	0.0
DB00797	Tolazoline	NULL	0.0
DB00780	Phenelzine	NULL	0.0
DB00391	Sulpiride	NULL	0.0
DB00957	Norgestimate	NULL	0.0
DB00141	N-Acetyl-D-glucosamine	NULL	0.0
DB01297	Practolol	NULL	0.0
DB06706	Isometheptene	NULL	0.0
DB01123	Proflavine	NULL	0.0
DB00340	Metixene	NULL	0.0
DB00553	Methoxsalen	NULL	0.0
DB01249	Iodixanol	NULL	0.0
DB00929	Misoprostol	NULL	0.0
DB09009	Articaine	NULL	0.0
DB04894	Vapreotide	NULL	0.0
DB00418	Secobarbital	NULL	0.0
DB01130	Prednicarbate	NULL	0.0
DB01656	Roflumilast	NULL	0.0
DB00361	Vinorelbine	NULL	0.0
DB00764	Mometasone	NULL	0.0
DB00211	Midodrine	NULL	0.0
DB01035	Procainamide	NULL	0.0
DB00566	Succimer	NULL	0.0
DB01370	Aluminium	NULL	0.0
DB00935	Oxymetazoline	NULL	0.0
DB00913	Anileridine	NULL	0.0
DB00958	Carboplatin	NULL	0.0
DB01162	Terazosin	NULL	0.0
DB00728	Rocuronium	NULL	0.0
DB01128	Bicalutamide	NULL	0.0
DB00161	L-Valine	NULL	0.0
DB00216	Eletriptan	NULL	0.0
DB00291	Chlorambucil	NULL	0.0
DB01242	Clomipramine	NULL	0.0
DB00622	Nicardipine	NULL	0.0
DB00690	Flurazepam	NULL	0.0
DB00915	Amantadine	NULL	0.0
DB04898	Ximelagatran	NULL	0.0
DB01209	Dezocine	NULL	0.0
DB00947	Fulvestrant	NULL	0.0
DB00954	Dirithromycin	NULL	0.0
DB06751	Drotaverine	NULL	0.0
DB00274	Cefmetazole	NULL	0.0
DB00210	Adapalene	NULL	0.0
DB00171	Adenosine triphosphate	NULL	0.0
DB00730	Thiabendazole	NULL	0.0
DB00854	Levorphanol	NULL	0.0
DB01612	Amyl Nitrite	NULL	0.0
DB01213	Fomepizole	NULL	0.0
DB00584	Enalapril	NULL	0.0
DB00812	Phenylbutazone	NULL	0.0
DB06210	Eltrombopag	NULL	0.0
DB00431	Lindane	NULL	0.0
DB00231	Temazepam	NULL	0.0
DB00644	Gonadorelin	NULL	0.0
DB00175	Pravastatin	NULL	0.0
DB00700	Eplerenone	NULL	0.0
DB04841	Flunarizine	NULL	0.0
DB00412	Rosiglitazone	NULL	0.0
DB09018	Bromopride	NULL	0.0
DB00655	Estrone	NULL	0.0
DB00187	Esmolol	NULL	0.0
DB08871	Eribulin	NULL	0.0
DB00804	Dicyclomine	NULL	0.0
DB00842	Oxazepam	NULL	0.0
DB01088	Iloprost	NULL	0.0
DB08911	Trametinib	NULL	0.0
DB00482	Celecoxib	NULL	0.0
DB01106	Levocabastine	NULL	0.0
DB00640	Adenosine	NULL	0.0
DB00872	Conivaptan	NULL	0.0
DB00410	Mupirocin	NULL	0.0
DB00327	Hydromorphone	NULL	0.0
DB01558	Bromazepam	NULL	0.0
DB01045	Rifampicin	NULL	0.0
DB00134	L-Methionine	NULL	0.0
DB00631	Clofarabine	NULL	0.0
DB01567	Fludiazepam	NULL	0.0
DB00307	Bexarotene	NULL	0.0
DB00834	Mifepristone	NULL	0.0
DB05109	Trabectedin	NULL	0.0
DB00140	Riboflavin	NULL	0.0
DB06701	Dexmethylphenidate	NULL	0.0
DB00875	Flupentixol	NULL	0.0
DB00845	Clofazimine	NULL	0.0
DB01622	Thioproperazine	NULL	0.0
DB00937	Diethylpropion	NULL	0.0
DB00761	Potassium Chloride	NULL	0.0
DB00694	Daunorubicin	NULL	0.0
DB01094	Hesperetin	NULL	0.0
DB02959	Oxitriptan	NULL	0.0
DB01236	Sevoflurane	NULL	0.0
DB00495	Zidovudine	NULL	0.0
DB04571	Trioxsalen	NULL	0.0
DB00946	Phenprocoumon	NULL	0.0
DB01034	Cerulenin	NULL	0.0
DB08866	Estradiol valerate/Dienogest	NULL	0.0
DB00183	Pentagastrin	NULL	0.0
DB01416	Cefpodoxime	NULL	0.0
DB01347	Saprisartan	NULL	0.0
DB00688	Mycophenolate mofetil	NULL	0.0
DB04946	Iloperidone	NULL	0.0
DB03147	Flavin adenine dinucleotide	NULL	0.0
DB01438	Phenazopyridine	NULL	0.0
DB01075	Diphenhydramine	NULL	0.0
DB00491	Miglitol	NULL	0.0
DB00261	Anagrelide	NULL	0.0
DB00343	Diltiazem	NULL	0.0
DB08981	Fenbufen	NULL	0.0
DB01107	Methyprylon	NULL	0.0
DB00207	Azithromycin	NULL	0.0
DB08796	Pipazethate	NULL	0.0
DB01390	Sodium bicarbonate	NULL	0.0
DB00507	Nitazoxanide	NULL	0.0
DB01005	Hydroxyurea	NULL	0.0
DB00182	Amphetamine	NULL	0.0
DB01595	Nitrazepam	NULL	0.0
DB06623	Flupirtine	NULL	0.0
DB04837	Clofedanol	NULL	0.0
DB01237	Bromodiphenhydramine	NULL	0.0
DB00290	Bleomycin	NULL	0.0
DB01616	Alverine	NULL	0.0
DB00985	Dimenhydrinate	NULL	0.0
DB01016	Glyburide	NULL	0.0
DB00744	Zileuton	NULL	0.0
DB00995	Auranofin	NULL	0.0
DB00989	Rivastigmine	NULL	0.0
DB00565	Cisatracurium Besylate	NULL	0.0
DB08811	Tofisopam	NULL	0.0
DB04861	Nebivolol	NULL	0.0
DB00811	Ribavirin	NULL	0.0
DB00184	Nicotine	NULL	0.0
DB00751	Epinastine	NULL	0.0
DB00595	Oxytetracycline	NULL	0.0
DB01021	Trichlormethiazide	NULL	0.0
DB06204	Tapentadol	NULL	0.0
DB00677	Isoflurophate	NULL	0.0
DB01581	Sulfamerazine	NULL	0.0
DB00424	Hyoscyamine	NULL	0.0
DB00121	Biotin	NULL	0.0
DB00351	Megestrol acetate	NULL	0.0
DB00519	Trandolapril	NULL	0.0
DB06699	Degarelix	NULL	0.0
DB01012	Cinacalcet	NULL	0.0
DB00703	Methazolamide	NULL	0.0
DB00809	Tropicamide	NULL	0.0
DB00664	Sulfametopyrazine	NULL	0.0
DB01022	Phylloquinone	NULL	0.0
DB00277	Theophylline	NULL	0.0
DB01037	Selegiline	NULL	0.0
DB01133	Tiludronate	NULL	0.0
DB06689	Ethanolamine Oleate	NULL	0.0
DB01170	Guanethidine	NULL	0.0
DB00606	Cyclothiazide	NULL	0.0
DB00362	Anidulafungin	NULL	0.0
DB00605	Sulindac	NULL	0.0
DB00139	Succinic acid	NULL	0.0
DB01397	Magnesium salicylate	NULL	0.0
DB08996	Dimetacrine	NULL	0.0
DB00836	Loperamide	NULL	0.0
DB06695	Dabigatran etexilate	NULL	0.0
DB00754	Ethotoin	NULL	0.0
DB00973	Ezetimibe	NULL	0.0
DB00120	L-Phenylalanine	NULL	0.0
DB00149	L-Leucine	NULL	0.0
DB00419	Miglustat	NULL	0.0
DB01396	Digitoxin	NULL	0.0
DB00571	Propranolol	NULL	0.0
DB00952	Naratriptan	NULL	0.0
DB00916	Metronidazole	NULL	0.0
DB01601	Lopinavir	NULL	0.0
DB01627	Lincomycin	NULL	0.0
DB00692	Phentolamine	NULL	0.0
DB00911	Tinidazole	NULL	0.0
DB00679	Thioridazine	NULL	0.0
DB00712	Flurbiprofen	NULL	0.0
DB00262	Carmustine	NULL	0.0
DB01349	Tasosartan	NULL	0.0
DB00948	Mezlocillin	NULL	0.0
DB00902	Methdilazine	NULL	0.0
DB00413	Pramipexole	NULL	0.0
DB01039	Fenofibrate	NULL	0.0
DB06288	Amisulpride	NULL	0.0
DB08944	Isoaminile	NULL	0.0
DB00521	Carteolol	NULL	0.0
DB00541	Vincristine	NULL	0.0
DB00963	Bromfenac	NULL	0.0
DB00696	Ergotamine	NULL	0.0
DB00716	Nedocromil	NULL	0.0
DB01121	Phenacemide	NULL	0.0
DB01137	Levofloxacin	NULL	0.0
DB00966	Telmisartan	NULL	0.0
DB06781	Difluprednate	NULL	0.0
DB01180	Rescinnamine	NULL	0.0
DB09014	Captodiame	NULL	0.0
DB00658	Sevelamer	NULL	0.0
DB00604	Cisapride	NULL	0.0
DB00259	Sulfanilamide	NULL	0.0
DB00539	Toremifene	NULL	0.0
DB00984	Nandrolone phenpropionate	NULL	0.0
DB08947	Iopamidol	NULL	0.0
DB00598	Labetalol	NULL	0.0
DB01422	Nitroxoline	NULL	0.0
DB00331	Metformin	NULL	0.0
DB01059	Norfloxacin	NULL	0.0
DB06274	Alvimopan	NULL	0.0
DB00188	Bortezomib	NULL	0.0
DB00961	Mepivacaine	NULL	0.0
DB00980	Ramelteon	NULL	0.0
DB00194	Vidarabine	NULL	0.0
DB01204	Mitoxantrone	NULL	0.0
DB00878	Chlorhexidine	NULL	0.0
DB04572	Thiotepa	NULL	0.0
DB00363	Clozapine	NULL	0.0
DB00615	Rifabutin	NULL	0.0
DB01338	Pipecuronium	NULL	0.0
DB00035	Desmopressin	NULL	0.0
DB00724	Imiquimod	NULL	0.0
DB09002	Cloperastine	NULL	0.0
DB01154	Thiamylal	NULL	0.0
DB00765	Metyrosine	NULL	0.0
DB02638	Terlipressin	NULL	0.0
DB00167	L-Isoleucine	NULL	0.0
DB01033	Mercaptopurine	NULL	0.0
DB00858	Drostanolone	NULL	0.0
DB00517	Anisotropine Methylbromide	NULL	0.0
DB00172	L-Proline	NULL	0.0
DB00821	Carprofen	NULL	0.0
DB00308	Ibutilide	NULL	0.0
DB00200	Hydroxocobalamin	NULL	0.0
DB00646	Nystatin	NULL	0.0
DB00529	Foscarnet	NULL	0.0
DB00934	Maprotiline	NULL	0.0
DB00181	Baclofen	NULL	0.0
DB00798	Gentamicin	NULL	0.0
DB00177	Valsartan	NULL	0.0
DB01233	Metoclopramide	NULL	0.0
DB01235	L-DOPA	NULL	0.0
DB00378	Dydrogesterone	NULL	0.0
DB08884	Gadoxetate	NULL	0.0
DB00801	Halazepam	NULL	0.0
DB00945	Acetylsalicylic acid	NULL	0.0
DB00816	Orciprenaline	NULL	0.0
DB00160	L-Alanine	NULL	0.0
DB00747	Scopolamine	NULL	0.0
DB00357	Aminoglutethimide	NULL	0.0
DB01610	Valganciclovir	NULL	0.0
DB00869	Dorzolamide	NULL	0.0
DB00309	Vindesine	NULL	0.0
DB01086	Benzocaine	NULL	0.0
DB01583	Liotrix	NULL	0.0
DB00706	Tamsulosin	NULL	0.0
DB01023	Felodipine	NULL	0.0
DB00895	Benzylpenicilloyl Polylysine	NULL	0.0
DB00609	Ethionamide	NULL	0.0
DB06804	Nonoxynol-9	NULL	0.0
DB01010	Edrophonium	NULL	0.0
DB01084	Emedastine	NULL	0.0
DB00573	Fenoprofen	NULL	0.0
DB00896	Rimexolone	NULL	0.0
DB01071	Mequitazine	NULL	0.0
DB00813	Fentanyl	NULL	0.0
DB01072	Atazanavir	NULL	0.0
DB00789	Gadopentetate dimeglumine	NULL	0.0
DB00588	Fluticasone Propionate	NULL	0.0
DB00344	Protriptyline	NULL	0.0
DB00701	Amprenavir	NULL	0.0
DB01053	Benzylpenicillin	NULL	0.0
DB00647	Dextropropoxyphene	NULL	0.0
DB00398	Sorafenib	NULL	0.0
DB00440	Trimethoprim	NULL	0.0
DB00857	Terbinafine	NULL	0.0
DB00469	Tenoxicam	NULL	0.0
DB01155	Gemifloxacin	NULL	0.0
DB00371	Meprobamate	NULL	0.0
DB00282	Pamidronate	NULL	0.0
DB00487	Pefloxacin	NULL	0.0
DB00233	Aminosalicylic Acid	NULL	0.0
DB06213	Regadenoson	NULL	0.0
DB00938	Salmeterol	NULL	0.0
DB01036	Tolterodine	NULL	0.0
DB00306	Talbutal	NULL	0.0
DB01062	Oxybutynin	NULL	0.0
DB01365	Mephentermine	NULL	0.0
DB08816	Ticagrelor	NULL	0.0
DB00689	Cephaloglycin	NULL	0.0
DB01166	Cilostazol	NULL	0.0
DB00721	Procaine	NULL	0.0
DB00610	Metaraminol	NULL	0.0
DB06738	Ketobemidone	NULL	0.0
DB00897	Triazolam	NULL	0.0
DB00548	Azelaic Acid	NULL	0.0
DB01409	Tiotropium	NULL	0.0
DB00602	Ivermectin	NULL	0.0
DB06800	Methylnaltrexone	NULL	0.0
DB01208	Sparfloxacin	NULL	0.0
DB00243	Ranolazine	NULL	0.0
DB00695	Furosemide	NULL	0.0
DB00792	Tripelennamine	NULL	0.0
DB00235	Milrinone	NULL	0.0
DB00411	Carbachol	NULL	0.0
DB00129	L-Ornithine	NULL	0.0
DB01181	Ifosfamide	NULL	0.0
DB09006	Clinofibrate	NULL	0.0
DB00888	Mechlorethamine	NULL	0.0
DB00330	Ethambutol	NULL	0.0
DB00905	Bimatoprost	NULL	0.0
DB00623	Fluphenazine	NULL	0.0
DB04574	Estropipate	NULL	0.0
DB01101	Capecitabine	NULL	0.0
DB00425	Zolpidem	NULL	0.0
DB01411	Pranlukast	NULL	0.0
DB00461	Nabumetone	NULL	0.0
DB00294	Etonogestrel	NULL	0.0
DB00504	Levallorphan	NULL	0.0
DB00552	Pentostatin	NULL	0.0
DB00722	Lisinopril	NULL	0.0
DB01264	Darunavir	NULL	0.0
DB00180	Flunisolide	NULL	0.0
DB08842	Acetylcarnitine	NULL	0.0
DB00520	Caspofungin	NULL	0.0
DB01559	Clotiazepam	NULL	0.0
DB00152	Thiamine	NULL	0.0
DB06696	Arbekacin	NULL	0.0
DB08982	Etozoline	NULL	0.0
DB02703	Fusidic Acid	NULL	0.0
DB01160	Dinoprost Tromethamine	NULL	0.0
DB00316	Acetaminophen	NULL	0.0
DB01020	Isosorbide Mononitrate	NULL	0.0
DB00438	Ceftazidime	NULL	0.0
DB01428	Oxybenzone	NULL	0.0
DB00150	L-Tryptophan	NULL	0.0
DB01195	Flecainide	NULL	0.0
DB00626	Bacitracin	NULL	0.0
DB00523	Alitretinoin	NULL	0.0
DB00280	Disopyramide	NULL	0.0
DB09019	Bromhexine	NULL	0.0
DB08864	Rilpivirine	NULL	0.0
DB00671	Cefixime	NULL	0.0
DB04890	Bepotastine	NULL	0.0
DB00131	Adenosine monophosphate	NULL	0.0
DB06702	Fesoterodine	NULL	0.0
DB00760	Meropenem	NULL	0.0
DB01150	Cefprozil	NULL	0.0
DB00192	Indecainide	NULL	0.0
DB01354	Heptabarbital	NULL	0.0
DB00336	Nitrofural	NULL	0.0
DB04876	Vildagliptin	NULL	0.0
DB00295	Morphine	NULL	0.0
DB01609	Deferasirox	NULL	0.0
DB00600	Monobenzone	NULL	0.0
DB00738	Pentamidine	NULL	0.0
DB01003	Cromoglicic acid	NULL	0.0
DB00393	Nimodipine	NULL	0.0
DB06795	Mafenide	NULL	0.0
DB00497	Oxycodone	NULL	0.0
DB00346	Alfuzosin	NULL	0.0
DB01192	Oxymorphone	NULL	0.0
DB05013	Ingenol Mebutate	NULL	0.0
DB01325	Quinethazone	NULL	0.0
DB01147	Cloxacillin	NULL	0.0
DB01619	Phenindamine	NULL	0.0
DB00928	Azacitidine	NULL	0.0
DB08874	Fidaxomicin	NULL	0.0
DB00994	Neomycin	NULL	0.0
DB01625	Isopropamide	NULL	0.0
DB00576	Sulfamethizole	NULL	0.0
DB00146	Calcidiol	NULL	0.0
DB08934	Sofosbuvir	NULL	0.0
DB00734	Risperidone	NULL	0.0
DB01056	Tocainide	NULL	0.0
DB06777	Chenodeoxycholic acid	NULL	0.0
DB01551	Dihydrocodeine	NULL	0.0
DB05521	Telaprevir	NULL	0.0
DB00392	Ethopropazine	NULL	0.0
DB00817	Rosoxacin	NULL	0.0
DB00220	Nelfinavir	NULL	0.0
DB08979	Fenspiride	NULL	0.0
DB00735	Naftifine	NULL	0.0
DB00627	Niacin	NULL	0.0
DB01430	Almitrine	NULL	0.0
DB00871	Terbutaline	NULL	0.0
DB00285	Venlafaxine	NULL	0.0
DB00556	Perflutren	NULL	0.0
DB05389	WF10	NULL	0.0
DB00427	Triprolidine	NULL	0.0
DB01400	Neostigmine	NULL	0.0
DB00691	Moexipril	NULL	0.0
DB00667	Histamine Phosphate	NULL	0.0
DB00245	Benzatropine	NULL	0.0
DB00597	Gadoteridol	NULL	0.0
DB00480	Lenalidomide	NULL	0.0
DB04840	Debrisoquin	NULL	0.0
DB00356	Chlorzoxazone	NULL	0.0
DB00179	Masoprocol	NULL	0.0
DB01135	Doxacurium chloride	NULL	0.0
DB00503	Ritonavir	NULL	0.0
DB01288	Fenoterol	NULL	0.0
DB00723	Methoxamine	NULL	0.0
DB08971	Fluocortolone	NULL	0.0
DB00535	Cefdinir	NULL	0.0
DB01340	Cilazapril	NULL	0.0
DB00832	Phensuximide	NULL	0.0
DB00990	Exemestane	NULL	0.0
DB01194	Brinzolamide	NULL	0.0
DB00132	Alpha-Linolenic Acid	NULL	0.0
DB00281	Lidocaine	NULL	0.0
DB01255	Lisdexamfetamine	NULL	0.0
DB01008	Busulfan	NULL	0.0
DB00998	Frovatriptan	NULL	0.0
DB01410	Ciclesonide	NULL	0.0
DB00737	Meclizine	NULL	0.0
DB00470	Dronabinol	NULL	0.0
DB00828	Fosfomycin	NULL	0.0
DB01550	Fenproporex	NULL	0.0
DB01205	Flumazenil	NULL	0.0
DB00256	Lymecycline	NULL	0.0
DB01418	Acenocoumarol	NULL	0.0
DB01244	Bepridil	NULL	0.0
DB00762	Irinotecan	NULL	0.0
DB01489	Camazepam	NULL	0.0
DB00540	Nortriptyline	NULL	0.0
DB00499	Flutamide	NULL	0.0
DB01074	Perhexiline	NULL	0.0
DB00563	Methotrexate	NULL	0.0
DB01082	Streptomycin	NULL	0.0
DB00223	Diflorasone	NULL	0.0
DB00348	Nitisinone	NULL	0.0
DB00784	Mefenamic acid	NULL	0.0
DB00514	Dextromethorphan	NULL	0.0
DB00525	Tolnaftate	NULL	0.0
DB01600	Tiaprofenic acid	NULL	0.0
DB00169	Cholecalciferol	NULL	0.0
DB00227	Lovastatin	NULL	0.0
DB00193	Tramadol	NULL	0.0
DB00583	L-Carnitine	NULL	0.0
DB00222	Glimepiride	NULL	0.0
DB03166	Acetic acid	NULL	0.0
DB00587	Cinalukast	NULL	0.0
DB06729	Sulfaphenazole	NULL	0.0
DB00720	Clodronate	NULL	0.0
DB01586	Ursodeoxycholic acid	NULL	0.0
DB00249	Idoxuridine	NULL	0.0
DB09015	Potassium Canrenoate	NULL	0.0
DB00477	Chlorpromazine	NULL	0.0
DB01042	Melphalan	NULL	0.0
DB04552	Niflumic Acid	NULL	0.0
DB01069	Promethazine	NULL	0.0
DB01605	Pivmecillinam	NULL	0.0
DB00437	Allopurinol	NULL	0.0
DB05260	Gallium nitrate	NULL	0.0
DB00144	Phosphatidylserine	NULL	0.0
DB08820	Ivacaftor	NULL	0.0
DB00145	Glycine	NULL	0.0
DB00710	Ibandronate	NULL	0.0
DB08881	Vemurafenib	NULL	0.0
DB01580	Oxprenolol	NULL	0.0
DB08907	Canagliflozin	NULL	0.0
DB08810	Cinitapride	NULL	0.0
DB00650	Leucovorin	NULL	0.0
DB01265	Telbivudine	NULL	0.0
DB02187	Equilin	NULL	0.0
DB00978	Lomefloxacin	NULL	0.0
DB00669	Sumatriptan	NULL	0.0
DB00607	Nafcillin	NULL	0.0
DB01298	Sulfacytine	NULL	0.0
DB05265	Ecabet	NULL	0.0
DB00138	L-Cystine	NULL	0.0
DB00136	Calcitriol	NULL	0.0
DB01576	Dextroamphetamine	NULL	0.0
DB00674	Galantamine	NULL	0.0
DB00908	Quinidine	NULL	0.0
DB00423	Methocarbamol	NULL	0.0
DB00675	Tamoxifen	NULL	0.0
DB01408	Bambuterol	NULL	0.0
DB01028	Methoxyflurane	NULL	0.0
DB00524	Metolazone	NULL	0.0
DB01589	Quazepam	NULL	0.0
DB01055	Mimosine	NULL	0.0
DB08890	Linaclotide	NULL	0.0
DB00778	Roxithromycin	NULL	0.0
DB00494	Entacapone	NULL	0.0
DB01129	Rabeprazole	NULL	0.0
DB00320	Dihydroergotamine	NULL	0.0
DB00786	Marimastat	NULL	0.0
DB01626	Pargyline	NULL	0.0
DB00685	Trovafloxacin	NULL	0.0
DB01243	Chloroxine	NULL	0.0
DB00806	Pentoxifylline	NULL	0.0
DB00837	Progabide	NULL	0.0
DB01273	Varenicline	NULL	0.0
DB00399	Zoledronate	NULL	0.0
DB00339	Pyrazinamide	NULL	0.0
DB00429	Carboprost Tromethamine	NULL	0.0
DB00459	Acitretin	NULL	0.0
DB01263	Posaconazole	NULL	0.0
DB00478	Rimantadine	NULL	0.0
DB00314	Capreomycin	NULL	0.0
DB00773	Etoposide	NULL	0.0
DB01283	Lumiracoxib	NULL	0.0
DB00408	Loxapine	NULL	0.0
DB00839	Tolazamide	NULL	0.0
DB00388	Phenylephrine	NULL	0.0
DB01545	Ethyl loflazepate	NULL	0.0
DB06684	Vilazodone	NULL	0.0
DB01336	Metocurine	NULL	0.0
DB00823	Ethynodiol	NULL	0.0
DB00673	Aprepitant	NULL	0.0
DB01054	Nitrendipine	NULL	0.0
DB00387	Procyclidine	NULL	0.0
DB00759	Tetracycline	NULL	0.0
DB01215	Estazolam	NULL	0.0
DB00162	Vitamin A	NULL	0.0
DB00992	Methyl aminolevulinate	NULL	0.0
DB08995	Diosmin	NULL	0.0
DB01415	Ceftibuten	NULL	0.0
DB00389	Carbimazole	NULL	0.0
DB00550	Propylthiouracil	NULL	0.0
DB01275	Hydralazine	NULL	0.0
DB00912	Repaglinide	NULL	0.0
DB00353	Methylergometrine	NULL	0.0
DB00847	Cysteamine	NULL	0.0
DB04877	Voacamine	NULL	0.0
DB00663	Flumethasone Pivalate	NULL	0.0
DB01239	Chlorprothixene	NULL	0.0
DB01118	Amiodarone	NULL	0.0
DB06148	Mianserin	NULL	0.0
DB01420	Testosterone Propionate	NULL	0.0
DB01296	Glucosamine	NULL	0.0
DB06768	Ammonium lactate	NULL	0.0
DB00116	Tetrahydrofolic acid	NULL	0.0
DB00395	Carisoprodol	NULL	0.0
DB00800	Fenoldopam	NULL	0.0
DB08992	Eperisone	NULL	0.0
DB08801	Dimetindene	NULL	0.0
DB01159	Halothane	NULL	0.0
DB08993	Enviomycin	NULL	0.0
DB08824	Ioflupane I 123	NULL	0.0
DB01615	Aceprometazine	NULL	0.0
DB00704	Naltrexone	NULL	0.0
DB00299	Penciclovir	NULL	0.0
DB06809	Plerixafor	NULL	0.0
DB06402	Telavancin	NULL	0.0
DB01250	Olsalazine	NULL	0.0
DB09003	Clocapramine	NULL	0.0
DB00810	Biperiden	NULL	0.0
DB01339	Vecuronium	NULL	0.0
DB00234	Reboxetine	NULL	0.0
DB06771	Besifloxacin	NULL	0.0
DB01108	Trilostane	NULL	0.0
DB00746	Deferoxamine	NULL	0.0
DB00899	Remifentanil	NULL	0.0
DB01598	Imipenem	NULL	0.0
DB06698	Betahistine	NULL	0.0
DB06663	Pasireotide	NULL	0.0
DB01623	Thiothixene	NULL	0.0
DB00195	Betaxolol	NULL	0.0
DB00117	L-Histidine	NULL	0.0
DB01015	Sulfamethoxazole	NULL	0.0
DB06705	Gadofosveset trisodium	NULL	0.0
DB05294	Vandetanib	NULL	0.0
DB00185	Cevimeline	NULL	0.0
DB01618	Molindone	NULL	0.0
DB00943	Zalcitabine	NULL	0.0
DB00697	Tizanidine	NULL	0.0
DB00125	L-Arginine	NULL	0.0
DB00288	Amcinonide	NULL	0.0
DB08897	Aclidinium	NULL	0.0
DB00739	Hetacillin	NULL	0.0
DB01157	Trimetrexate	NULL	0.0
DB00582	Voriconazole	NULL	0.0
DB01324	Polythiazide	NULL	0.0
DB01117	Atovaquone	NULL	0.0
DB00488	Altretamine	NULL	0.0
DB01120	Gliclazide	NULL	0.0
DB00196	Fluconazole	NULL	0.0
DB01328	Cefonicid	NULL	0.0
DB08889	Carfilzomib	NULL	0.0
DB01131	Proguanil	NULL	0.0
DB00921	Buprenorphine	NULL	0.0
DB00982	Isotretinoin	NULL	0.0
DB01153	Sertaconazole	NULL	0.0
DB01245	Decamethonium	NULL	0.0
DB01327	Cefazolin	NULL	0.0
DB00654	Latanoprost	NULL	0.0
DB00591	Fluocinolone Acetonide	NULL	0.0
DB01380	Cortisone acetate	NULL	0.0
DB01191	Dexfenfluramine	NULL	0.0
DB00831	Trifluoperazine	NULL	0.0
DB00758	Clopidogrel	NULL	0.0
DB08800	Chloropyramine	NULL	0.0
DB01210	Levobunolol	NULL	0.0
DB00247	Methysergide	NULL	0.0
DB00924	Cyclobenzaprine	NULL	0.0
DB06711	Naphazoline	NULL	0.0
DB00866	Alprenolol	NULL	0.0
DB00558	Zanamivir	NULL	0.0
DB00515	Cisplatin	NULL	0.0
DB04896	Milnacipran	NULL	0.0
DB00444	Teniposide	NULL	0.0
DB00974	Edetic Acid	NULL	0.0
DB01083	Orlistat	NULL	0.0
DB08983	Etofibrate	NULL	0.0
DB06766	Alcaftadine	NULL	0.0
DB01085	Pilocarpine	NULL	0.0
DB08828	Vismodegib	NULL	0.0
DB01172	Kanamycin	NULL	0.0
DB00796	Candesartan	NULL	0.0
DB01452	Heroin	NULL	0.0
DB00988	Dopamine	NULL	0.0
DB00932	Tipranavir	NULL	0.0
DB01628	Etoricoxib	NULL	0.0
DB00717	Norethindrone	NULL	0.0
DB01110	Miconazole	NULL	0.0
DB01112	Cefuroxime	NULL	0.0
DB00971	Selenium Sulfide	NULL	0.0
DB08941	Isoxsuprine	NULL	0.0
DB01087	Primaquine	NULL	0.0
DB00542	Benazepril	NULL	0.0
DB06155	Rimonabant	NULL	0.0
DB00237	Butabarbital	NULL	0.0
DB05630	Sodium stibogluconate	NULL	0.0
DB00969	Alosetron	NULL	0.0
DB06335	Saxagliptin	NULL	0.0
DB00865	Benzphetamine	NULL	0.0
DB01073	Fludarabine	NULL	0.0
DB00750	Prilocaine	NULL	0.0
DB00534	Chlormerodrin	NULL	0.0
DB01299	Sulfadoxine	NULL	0.0
DB01007	Tioconazole	NULL	0.0
DB00014	Goserelin	NULL	0.0
DB06700	Desvenlafaxine	NULL	0.0
DB00401	Nisoldipine	NULL	0.0
DB00668	Epinephrine	NULL	0.0
DB01103	Quinacrine	NULL	0.0
DB00153	Ergocalciferol	NULL	0.0
DB00561	Doxapram	NULL	0.0
DB01096	Oxamniquine	NULL	0.0
DB01319	Fosamprenavir	NULL	0.0
DB00562	Benzthiazide	NULL	0.0
DB01004	Ganciclovir	NULL	0.0
DB01077	Etidronic acid	NULL	0.0
DB00979	Cyclopentolate	NULL	0.0
DB06782	Dimercaprol	NULL	0.0
DB08906	Fluticasone furoate	NULL	0.0
DB01081	Diphenoxylate	NULL	0.0
DB00406	Gentian Violet	NULL	0.0
DB00435	Nitric Oxide	NULL	0.0
DB00449	Dipivefrin	NULL	0.0
DB00376	Trihexyphenidyl	NULL	0.0
DB01398	Salicylate-sodium	NULL	0.0
DB08990	Eprazinone	NULL	0.0
DB08994	Ditazole	NULL	0.0
DB00999	Hydrochlorothiazide	NULL	0.0
DB00642	Pemetrexed	NULL	0.0
DB00788	Naproxen	NULL	0.0
DB00452	Framycetin	NULL	0.0
DB00657	Mecamylamine	NULL	0.0
DB00955	Netilmicin	NULL	0.0
DB04570	Latamoxef	NULL	0.0
DB06723	Aluminum hydroxide	NULL	0.0
DB00394	Beclomethasone	NULL	0.0
DB08819	Tafluprost	NULL	0.0
DB05266	Ibudilast	NULL	0.0
DB01337	Pancuronium	NULL	0.0
DB01436	Alfacalcidol	NULL	0.0
DB00454	Pethidine	NULL	0.0
DB00693	Fluorescein	NULL	0.0
DB00381	Amlodipine	NULL	0.0
DB01214	Metipranolol	NULL	0.0
DB00592	Piperazine	NULL	0.0
DB01113	Papaverine	NULL	0.0
DB00374	Treprostinil	NULL	0.0
DB05039	Indacaterol	NULL	0.0
DB00987	Cytarabine	NULL	0.0
DB06228	Rivaroxaban	NULL	0.0
DB01207	Ridogrel	NULL	0.0
DB06262	Droxidopa	NULL	0.0
DB00975	Dipyridamole	NULL	0.0
DB01176	Cyclizine	NULL	0.0
DB00708	Sufentanil	NULL	0.0
DB04838	Cyclandelate	NULL	0.0
DB00474	Methohexital	NULL	0.0
DB08827	Lomitapide	NULL	0.0
DB01406	Danazol	NULL	0.0
DB00814	Meloxicam	NULL	0.0
DB01367	Rasagiline	NULL	0.0
DB00225	Gadodiamide	NULL	0.0
DB01024	Mycophenolic acid	NULL	0.0
DB08896	Regorafenib	NULL	0.0
DB08943	Isoconazole	NULL	0.0
DB01295	Bevantolol	NULL	0.0
DB00822	Disulfiram	NULL	0.0
DB00253	Medrysone	NULL	0.0
DB00276	Amsacrine	NULL	0.0
DB00815	Sodium lauryl sulfate	NULL	0.0
DB01190	Clindamycin	NULL	0.0
DB00616	Candoxatril	NULL	0.0
DB01095	Fluvastatin	NULL	0.0
DB00205	Pyrimethamine	NULL	0.0
DB00263	Sulfisoxazole	NULL	0.0
DB00456	Cefalotin	NULL	0.0
DB00884	Risedronate	NULL	0.0
DB00286	Conjugated Estrogens	NULL	0.0
DB00379	Mexiletine	NULL	0.0
DB06216	Asenapine	NULL	0.0
DB01228	Encainide	NULL	0.0
DB00496	Darifenacin	NULL	0.0
DB01280	Nelarabine	NULL	0.0
DB06811	Polidocanol	NULL	0.0
DB00159	Icosapent	NULL	0.0
DB00219	Oxyphenonium	NULL	0.0
DB00212	Remikiren	NULL	0.0
DB01161	Chloroprocaine	NULL	0.0
DB08882	Linagliptin	NULL	0.0
DB00898	Ethanol	NULL	0.0
DB00907	Cocaine	NULL	0.0
DB00457	Prazosin	NULL	0.0
DB00448	Lansoprazole	NULL	0.0
DB00662	Trimethobenzamide	NULL	0.0
DB06292	Dapagliflozin	NULL	0.0
DB01604	Pivampicillin	NULL	0.0
DB08798	Sulfamoxole	NULL	0.0
DB06290	SIMEPREVIR	NULL	0.0
DB00242	Cladribine	NULL	0.0
DB00808	Indapamide	NULL	0.0
DB00559	Bosentan	NULL	0.0
DB00352	Tioguanine	NULL	0.0
DB01184	Domperidone	NULL	0.0
DB08966	Fursultiamine	NULL	0.0
DB00910	Paricalcitol	NULL	0.0
DB06439	Tyloxapol	NULL	0.0
DB00749	Etodolac	NULL	0.0
DB00880	Chlorothiazide	NULL	0.0
DB00575	Clonidine	NULL	0.0
DB04938	Ospemifene	NULL	0.0
DB00914	Phenformin	NULL	0.0
DB01353	Butethal	NULL	0.0
DB00769	Hydrocortamate	NULL	0.0
DB01608	Propericiazine	NULL	0.0
DB06616	Bosutinib	NULL	0.0
DB00686	Pentosan Polysulfate	NULL	0.0
DB06203	Alogliptin	NULL	0.0
DB00619	Imatinib	NULL	0.0
DB00174	L-Asparagine	NULL	0.0
DB08873	Boceprevir	NULL	0.0
DB00986	Glycopyrrolate	NULL	0.0
DB00757	Dolasetron	NULL	0.0
DB00168	Aspartame	NULL	0.0
DB00255	Diethylstilbestrol	NULL	0.0
DB02546	Vorinostat	NULL	0.0
DB06209	Prasugrel	NULL	0.0
DB00917	Dinoprostone	NULL	0.0
DB01186	Pergolide	NULL	0.0
DB00272	Betazole	NULL	0.0
DB06770	Benzyl alcohol	NULL	0.0
DB08834	Tauroursodeoxycholic acid	NULL	0.0
DB00250	Dapsone	NULL	0.0
DB04967	Lucanthone	NULL	0.0
DB00970	Dactinomycin	NULL	0.0
DB00364	Sucralfate	NULL	0.0
DB06614	Peramivir	NULL	0.0
DB00500	Tolmetin	NULL	0.0
DB00862	Vardenafil	NULL	0.0
DB08835	Spaglumic Acid	NULL	0.0
DB01168	Procarbazine	NULL	0.0
DB00334	Olanzapine	NULL	0.0
DB06691	Mepyramine	NULL	0.0
DB00745	Modafinil	NULL	0.0
DB00889	Granisetron	NULL	0.0
DB01100	Pimozide	NULL	0.0
DB00278	Argatroban	NULL	0.0
DB01466	Ethylmorphine	NULL	0.0
DB01049	Ergoloid mesylate	NULL	0.0
DB04868	Nilotinib	NULL	0.0
DB00931	Methacycline	NULL	0.0
DB00333	Methadone	NULL	0.0
DB00475	Chlordiazepoxide	NULL	0.0
DB01332	Ceftizoxime	NULL	0.0
DB00579	Mazindol	NULL	0.0
DB01026	Ketoconazole	NULL	0.0
DB06704	Iobenguane	NULL	0.0
DB00953	Rizatriptan	NULL	0.0
DB00400	Griseofulvin	NULL	0.0
DB01145	Sulfoxone	NULL	0.0
DB00825	Menthol	NULL	0.0
DB00581	Lactulose	NULL	0.0
DB00885	Pemirolast	NULL	0.0
DB00585	Nizatidine	NULL	0.0
DB01407	Clenbuterol	NULL	0.0
DB08826	Deferiprone	NULL	0.0
DB04880	Enoximone	NULL	0.0
DB00870	Suprofen	NULL	0.0
DB00611	Butorphanol	NULL	0.0
DB06772	Cabazitaxel	NULL	0.0
DB01597	Cilastatin	NULL	0.0
DB00465	Ketorolac	NULL	0.0
DB00257	Clotrimazole	NULL	0.0
DB00678	Losartan	NULL	0.0
DB01067	Glipizide	NULL	0.0
DB01000	Cyclacillin	NULL	0.0
DB01282	Carbetocin	NULL	0.0
DB01592	Iron	NULL	0.0
DB00725	Homatropine Methylbromide	NULL	0.0
DB01218	Halofantrine	NULL	0.0
DB01621	Pipotiazine	NULL	0.0
DB01607	Ticarcillin	NULL	0.0
DB00135	L-Tyrosine	NULL	0.0
DB00643	Mebendazole	NULL	0.0
DB00968	Methyldopa	NULL	0.0
DB00777	Propiomazine	NULL	0.0
DB00128	L-Aspartic Acid	NULL	0.0
DB00707	Porfimer	NULL	0.0
DB00589	Lisuride	NULL	0.0
DB00740	Riluzole	NULL	0.0
DB06255	Incadronate	NULL	0.0
DB01219	Dantrolene	NULL	0.0
DB00976	Telithromycin	NULL	0.0
DB00851	Dacarbazine	NULL	0.0
DB00874	Guaifenesin	NULL	0.0
DB00484	Brimonidine	NULL	0.0
DB01247	Isocarboxazid	NULL	0.0
DB00486	Nabilone	NULL	0.0
DB00820	Tadalafil	NULL	0.0
DB01590	Everolimus	NULL	0.0
DB00501	Cimetidine	NULL	0.0
DB00370	Mirtazapine	NULL	0.0
DB08958	Hexetidine	NULL	0.0
DB00983	Formoterol	NULL	0.0
DB06775	Carglumic Acid	NULL	0.0
DB06212	Tolvaptan	NULL	0.0
DB01226	Mivacurium	NULL	0.0
DB08795	Azidocillin	NULL	0.0
DB00547	Desoximetasone	NULL	0.0
DB06637	Dalfampridine	NULL	0.0
DB01211	Clarithromycin	NULL	0.0
DB00508	Triflupromazine	NULL	0.0
DB00629	Guanabenz	NULL	0.0
DB01582	Sulfamethazine	NULL	0.0
DB01179	Podofilox	NULL	0.0
DB00637	Astemizole	NULL	0.0
DB00354	Buclizine	NULL	0.0
DB01060	Amoxicillin	NULL	0.0
DB00766	Clavulanate	NULL	0.0
DB00918	Almotriptan	NULL	0.0
DB04786	Suramin	NULL	0.0
DB00156	L-Threonine	NULL	0.0
DB00298	Dapiprazole	NULL	0.0
DB00319	Piperacillin	NULL	0.0
DB08936	Chlorcyclizine	NULL	0.0
DB00166	Lipoic Acid	NULL	0.0
DB00681	Amphotericin B	NULL	0.0
DB05245	Silver sulfadiazine	NULL	0.0
DB00879	Emtricitabine	NULL	0.0
DB01061	Azlocillin	NULL	0.0
DB00254	Doxycycline	NULL	0.0
DB01602	Bacampicillin	NULL	0.0
DB01421	Paromomycin	NULL	0.0
DB08802	Isothipendyl	NULL	0.0
DB08799	Antazoline	NULL	0.0
DB06709	Methacholine	NULL	0.0
DB00428	Streptozocin	NULL	0.0
DB00271	Diatrizoate	NULL	0.0
DB01399	Salsalate	NULL	0.0
DB01225	Enoxaparin	NULL	0.0
DB01593	Zinc	NULL	0.0
DB00317	Gefitinib	NULL	0.0
DB01111	Colistimethate	NULL	0.0
DB08822	Azilsartan medoxomil	NULL	0.0
DB04911	Oritavancin	NULL	0.0
DB01301	Rolitetracycline	NULL	0.0
DB00639	Butoconazole	NULL	0.0
DB00981	Physostigmine	NULL	0.0
DB00883	Isosorbide Dinitrate	NULL	0.0
DB00436	Bendroflumethiazide	NULL	0.0
DB00863	Ranitidine	NULL	0.0
DB00127	Spermine	NULL	0.0
DB01253	Ergonovine	NULL	0.0
DB08901	Ponatinib	NULL	0.0
DB00731	Nateglinide	NULL	0.0
DB01234	Dexamethasone	NULL	0.0
DB01294	Bismuth Subsalicylate	NULL	0.0
DB00876	Eprosartan	NULL	0.0
DB00698	Nitrofurantoin	NULL	0.0
DB00258	Calcium Acetate	NULL	0.0
DB00383	Oxyphencyclimine	NULL	0.0
DB01102	Arbutamine	NULL	0.0
DB00787	Aciclovir	NULL	0.0
DB00265	Crotamiton	NULL	0.0
DB00649	Stavudine	NULL	0.0
DB01014	Balsalazide	NULL	0.0
DB00377	Palonosetron	NULL	0.0
DB04842	Fluspirilene	NULL	0.0
DB06694	Xylometazoline	NULL	0.0
DB08968	Fominoben	NULL	0.0
DB00536	Guanidine	NULL	0.0
DB08868	Fingolimod	NULL	0.0
DB09008	Cephaloridine	NULL	0.0
DB08797	Salicylamide	NULL	0.0
DB00545	Pyridostigmine	NULL	0.0
DB00481	Raloxifene	NULL	0.0
DB00301	Flucloxacillin	NULL	0.0
DB00900	Didanosine	NULL	0.0
DB00289	Atomoxetine	NULL	0.0
DB00638	Inulin	NULL	0.0
DB00293	Raltitrexed	NULL	0.0
DB00275	Olmesartan	NULL	0.0
DB00617	Paramethadione	NULL	0.0
DB00332	Ipratropium bromide	NULL	0.0
DB01171	Moclobemide	NULL	0.0
DB00920	Ketotifen	NULL	0.0
DB00790	Perindopril	NULL	0.0
DB00213	Pantoprazole	NULL	0.0
DB00891	Sulfapyridine	NULL	0.0
DB01246	Alimemazine	NULL	0.0
DB00137	Xanthophyll	NULL	0.0
DB00859	Penicillamine	NULL	0.0
DB00453	Clomocycline	NULL	0.0
DB01185	Fluoxymesterone	NULL	0.0
DB01212	Ceftriaxone	NULL	0.0
DB00709	Lamivudine	NULL	0.0
DB00578	Carbenicillin	NULL	0.0
DB00143	Glutathione	NULL	0.0
DB00248	Cabergoline	NULL	0.0
DB01025	Amlexanox	NULL	0.0
DB00729	Diphemanil Methylsulfate	NULL	0.0
DB06150	Sulfadimethoxine	NULL	0.0
DB00941	Hexafluronium	NULL	0.0
DB00613	Amodiaquine	NULL	0.0
DB00544	Fluorouracil	NULL	0.0
DB01252	Mitiglinide	NULL	0.0
DB01482	Fenethylline	NULL	0.0
DB01419	Antrafenine	NULL	0.0
DB01125	Anisindione	NULL	0.0
DB00442	Entecavir	NULL	0.0
DB08913	Radium Ra 223 Dichloride	NULL	0.0
DB01364	Ephedrine	NULL	0.0
DB00569	Fondaparinux sodium	NULL	0.0
DB00485	Dicloxacillin	NULL	0.0
DB00214	Torasemide	NULL	0.0
DB01097	Leflunomide	NULL	0.0
DB00251	Terconazole	NULL	0.0
DB00557	Hydroxyzine	NULL	0.0
DB08860	Pitavastatin	NULL	0.0
DB00807	Proparacaine	NULL	0.0
DB00325	Nitroprusside	NULL	0.0
DB01031	Ethinamate	NULL	0.0
DB08976	Floctafenine	NULL	0.0
DB00752	Tranylcypromine	NULL	0.0
DB06713	Norelgestromin	NULL	0.0
DB08928	Arsthinol	NULL	0.0
DB01057	Echothiophate	NULL	0.0
DB06802	Nepafenac	NULL	0.0
DB01431	Allylestrenol	NULL	0.0
DB08899	Enzalutamide	NULL	0.0
DB09028	Cytisine	NULL	0.0
DB01092	Ouabain	NULL	0.0
DB00118	S-Adenosylmethionine	NULL	0.0
DB00618	Demeclocycline	NULL	0.0
DB00526	Oxaliplatin	NULL	0.0
DB00635	Prednisone	NULL	0.0
DB00925	Phenoxybenzamine	NULL	0.0
DB00665	Nilutamide	NULL	0.0
DB00483	Gallamine Triethiodide	NULL	0.0
DB00601	Linezolid	NULL	0.0
DB00894	Testolactone	NULL	0.0
DB00104	Octreotide	NULL	0.0
DB00687	Fludrocortisone	NULL	0.0
DB01599	Probucol	NULL	0.0
DB00608	Chloroquine	NULL	0.0
DB00115	Cyanocobalamin	NULL	0.0
DB01321	Josamycin	NULL	0.0
DB01206	Lomustine	NULL	0.0
DB01058	Praziquantel	NULL	0.0
DB00176	Fluvoxamine	NULL	0.0
DB00267	Cefmenoxime	NULL	0.0
DB00628	Clorazepate	NULL	0.0
DB01291	Pirbuterol	NULL	0.0
DB04844	Tetrabenazine	NULL	0.0
DB00570	Vinblastine	NULL	0.0
DB04845	Ixabepilone	NULL	0.0
DB01463	Fencamfamine	NULL	0.0
DB06147	Sulfathiazole	NULL	0.0
DB00705	Delavirdine	NULL	0.0
DB08903	Bedaquiline	NULL	0.0
DB00838	Clocortolone	NULL	0.0
DB00977	Ethinyl Estradiol	NULL	0.0
DB01613	Erythrityl Tetranitrate	NULL	0.0
DB01603	Meticillin	NULL	0.0
DB00199	Erythromycin	NULL	0.0
DB04843	Mepenzolate	NULL	0.0
DB00122	Choline	NULL	0.0
DB00933	Mesoridazine	NULL	0.0
DB01098	Rosuvastatin	NULL	0.0
DB00270	Isradipine	NULL	0.0
DB00997	Doxorubicin	NULL	0.0
DB00209	Trospium	NULL	0.0
DB00867	Ritodrine	NULL	0.0
DB01220	Rifaximin	NULL	0.0
DB01289	Glisoxepide	NULL	0.0
DB04865	Homoharringtonine	NULL	0.0
DB01544	Flunitrazepam	NULL	0.0
DB00170	Menadione	NULL	0.0
DB06714	Propylhexedrine	NULL	0.0
DB08954	Ifenprodil	NULL	0.0
DB00502	Haloperidol	NULL	0.0
DB01089	Deserpidine	NULL	0.0
DB00719	Azatadine	NULL	0.0
DB00736	Esomeprazole	NULL	0.0
DB00338	Omeprazole	NULL	0.0
DB00093	Felypressin	NULL	0.0
DB08893	Mirabegron	NULL	0.0
DB06196	Icatibant	NULL	0.0
DB00297	Bupivacaine	NULL	0.0
DB08970	Fluprednidene Acetate	NULL	0.0
DB01366	Procaterol	NULL	0.0
DB01122	Ambenonium	NULL	0.0
DB01429	Aprindine	NULL	0.0
DB01260	Desonide	NULL	0.0
DB00239	Oxiconazole	NULL	0.0
DB00956	Hydrocodone	NULL	0.0
DB00310	Chlorthalidone	NULL	0.0
DB00873	Loteprednol	NULL	0.0
DB01200	Bromocriptine	NULL	0.0
DB01412	Theobromine	NULL	0.0
DB00827	Cinoxacin	NULL	0.0
DB01126	Dutasteride	NULL	0.0
DB00568	Cinnarizine	NULL	0.0
DB01138	Sulfinpyrazone	NULL	0.0
DB08803	Tymazoline	NULL	0.0
DB01030	Topotecan	NULL	0.0
DB04839	Cyproterone acetate	NULL	0.0
DB00202	Succinylcholine	NULL	0.0
DB00939	Meclofenamic acid	NULL	0.0
DB00835	Brompheniramine	NULL	0.0
DB00119	Pyruvic acid	NULL	0.0
DB00625	Efavirenz	NULL	0.0
DB00791	Uracil mustard	NULL	0.0
DB06703	Gadobutrol	NULL	0.0
DB00779	Nalidixic Acid	NULL	0.0
DB04573	Estriol	NULL	0.0
DB00676	Benzyl Benzoate	NULL	0.0
DB01352	Aprobarbital	NULL	0.0
DB01201	Rifapentine	NULL	0.0
DB01156	Bupropion	NULL	0.0
DB00950	Fexofenadine	NULL	0.0
DB00715	Paroxetine	NULL	0.0
DB01047	Fluocinonide	NULL	0.0
DB01119	Diazoxide	NULL	0.0
DB08806	Roxatidine acetate	NULL	0.0
DB01177	Idarubicin	NULL	0.0
DB00489	Sotalol	NULL	0.0
DB01256	Retapamulin	NULL	0.0
DB01259	Lapatinib	NULL	0.0
DB00670	Pirenzepine	NULL	0.0
DB00217	Bethanidine	NULL	0.0
DB00727	Nitroglycerin	NULL	0.0
DB00528	Lercanidipine	NULL	0.0
DB01424	Aminophenazone	NULL	0.0
DB00856	Chlorphenesin	NULL	0.0
DB06716	Fospropofol	NULL	0.0
DB00375	Colestipol	NULL	0.0
DB00236	Pipobroman	NULL	0.0
DB01227	Levomethadyl Acetate	NULL	0.0
DB01501	Difenoxin	NULL	0.0
DB01188	Ciclopirox	NULL	0.0
DB05271	Rotigotine	NULL	0.0
DB00397	Phenylpropanolamine	NULL	0.0
DB00805	Minaprine	NULL	0.0
DB01254	Dasatinib	NULL	0.0
DB00460	Verteporfin	NULL	0.0
DB01330	Cefotetan	NULL	0.0
DB00775	Tirofiban	NULL	0.0
DB00513	Aminocaproic Acid	NULL	0.0
DB00221	Isoetarine	NULL	0.0
DB06718	Stanozolol	NULL	0.0
DB01019	Bethanechol	NULL	0.0
DB06207	Silodosin	NULL	0.0
DB00323	Tolcapone	NULL	0.0
DB01326	Cefamandole	NULL	0.0
DB01090	Pentolinium	NULL	0.0
DB00577	Valaciclovir	NULL	0.0
DB01011	Metyrapone	NULL	0.0
DB00855	Aminolevulinic acid	NULL	0.0
DB01427	Amrinone	NULL	0.0
DB06605	Apixaban	NULL	0.0
DB06590	Ceftaroline fosamil	NULL	0.0
DB00241	Butalbital	NULL	0.0
DB01303	Oxtriphylline	NULL	0.0
DB00203	Sildenafil	NULL	0.0
DB00337	Pimecrolimus	NULL	0.0
DB00572	Atropine	NULL	0.0
DB06708	Lumefantrine	NULL	0.0
DB00864	Tacrolimus	NULL	0.0
DB01413	Cefepime	NULL	0.0
DB00511	Acetyldigitoxin	NULL	0.0
DB01149	Nefazodone	NULL	0.0
DB00189	Ethchlorvynol	NULL	0.0
DB00861	Diflunisal	NULL	0.0
DB06144	Sertindole	NULL	0.0
DB01091	Butenafine	NULL	0.0
DB00279	Liothyronine	NULL	0.0
DB00763	Methimazole	NULL	0.0
DB00772	Malathion	NULL	0.0
DB08823	Spinosad	NULL	0.0
DB00844	Nalbuphine	NULL	0.0
DB01624	Zuclopenthixol	NULL	0.0
DB00890	Dienestrol	NULL	0.0
DB01511	Delorazepam	NULL	0.0
DB01333	Cefradine	NULL	0.0
DB00229	Cefotiam	NULL	0.0
DB01606	Tazobactam	NULL	0.0
DB00283	Clemastine	NULL	0.0
DB00206	Reserpine	NULL	0.0
DB00512	Vancomycin	NULL	0.0
DB08998	Demexiptiline	NULL	0.0
DB01423	Stepronin	NULL	0.0
DB01764	Dalfopristin	NULL	0.0
DB00403	Ceruletide	NULL	0.0
DB01232	Saquinavir	NULL	0.0
DB00743	Gadobenate Dimeglumine	NULL	0.0
DB00468	Quinine	NULL	0.0
DB08804	Nandrolone decanoate	NULL	0.0
DB01401	Trisalicylate-choline	NULL	0.0
DB00224	Indinavir	NULL	0.0
DB00244	Mesalazine	NULL	0.0
DB04794	Bifonazole	NULL	0.0
DB01099	Flucytosine	NULL	0.0
DB00850	Perphenazine	NULL	0.0
DB01151	Desipramine	NULL	0.0
DB01362	Iohexol	NULL	0.0
DB00612	Bisoprolol	NULL	0.0
DB00178	Ramipril	NULL	0.0
DB00603	Medroxyprogesterone Acetate	NULL	0.0
DB02300	Calcipotriol	NULL	0.0
DB06594	Agomelatine	NULL	0.0
DB01425	Alizapride	NULL	0.0
DB00919	Spectinomycin	NULL	0.0
DB00753	Isoflurane	NULL	0.0
DB00636	Clofibrate	NULL	0.0
DB00991	Oxaprozin	NULL	0.0
DB06267	Udenafil	NULL	0.0
DB01002	Levobupivacaine	NULL	0.0
DB00718	Adefovir Dipivoxil	NULL	0.0
DB00415	Ampicillin	NULL	0.0
DB08987	Etidocaine	NULL	0.0
DB01167	Itraconazole	NULL	0.0
DB01187	Iophendylate	NULL	0.0
DB09017	Brotizolam	NULL	0.0
DB00462	Methylscopolamine bromide	NULL	0.0
DB08909	Glycerol Phenylbutyrate	NULL	0.0
DB00417	Penicillin V	NULL	0.0
DB00944	Demecarium	NULL	0.0
DB08967	Dimetotiazine	NULL	0.0
DB01116	Trimethaphan	NULL	0.0
DB01348	Spirapril	NULL	0.0
DB06697	Artemether	NULL	0.0
DB01620	Pheniramine	NULL	0.0
